-- phpMyAdmin SQL Dump
-- version 5.0.2
-- https://www.phpmyadmin.net/
--
-- Хост: 127.0.0.1:3306
-- Время создания: Окт 16 2020 г., 16:23
-- Версия сервера: 8.0.19
-- Версия PHP: 7.4.5

SET SQL_MODE = "NO_AUTO_VALUE_ON_ZERO";
START TRANSACTION;
SET time_zone = "+00:00";


/*!40101 SET @OLD_CHARACTER_SET_CLIENT=@@CHARACTER_SET_CLIENT */;
/*!40101 SET @OLD_CHARACTER_SET_RESULTS=@@CHARACTER_SET_RESULTS */;
/*!40101 SET @OLD_COLLATION_CONNECTION=@@COLLATION_CONNECTION */;
/*!40101 SET NAMES utf8mb4 */;

--
-- База данных: `company-kkt`
--

-- --------------------------------------------------------

--
-- Структура таблицы `auth_assignment`
--

CREATE TABLE `auth_assignment` (
  `item_name` varchar(64) COLLATE utf8_unicode_ci NOT NULL,
  `user_id` varchar(64) COLLATE utf8_unicode_ci NOT NULL,
  `created_at` int DEFAULT NULL
) ENGINE=InnoDB DEFAULT CHARSET=utf8 COLLATE=utf8_unicode_ci;

--
-- Дамп данных таблицы `auth_assignment`
--

INSERT INTO `auth_assignment` (`item_name`, `user_id`, `created_at`) VALUES
('admin', '1', 1602830034),
('user', '3', 1602768688),
('user', '6', 1602854486);

-- --------------------------------------------------------

--
-- Структура таблицы `auth_item`
--

CREATE TABLE `auth_item` (
  `name` varchar(64) COLLATE utf8_unicode_ci NOT NULL,
  `type` smallint NOT NULL,
  `description` text COLLATE utf8_unicode_ci,
  `rule_name` varchar(64) COLLATE utf8_unicode_ci DEFAULT NULL,
  `data` blob,
  `created_at` int DEFAULT NULL,
  `updated_at` int DEFAULT NULL
) ENGINE=InnoDB DEFAULT CHARSET=utf8 COLLATE=utf8_unicode_ci;

--
-- Дамп данных таблицы `auth_item`
--

INSERT INTO `auth_item` (`name`, `type`, `description`, `rule_name`, `data`, `created_at`, `updated_at`) VALUES
('admin', 1, 'Администратор', NULL, NULL, 1602758044, 1602843499),
('gridview/export/download', 2, 'Экспорт записей', NULL, NULL, 1602831308, 1602831308),
('market', 2, 'Доступ к сайту', NULL, NULL, 1602830724, 1602831834),
('organization/create', 2, 'Добавление организации', NULL, NULL, 1602830560, 1602830560),
('organization/delete', 2, 'Удаление организации', NULL, NULL, 1602830322, 1602830322),
('organization/index', 2, 'Просмотр списка организаций', NULL, NULL, 1602829729, 1602830180),
('organization/update', 2, 'Редактирование организации', NULL, NULL, 1602830247, 1602830247),
('organization/view', 2, 'Просмотр организации', NULL, NULL, 1602830210, 1602830266),
('permit/access/add-permission', 2, 'Добавление правил', NULL, NULL, 1602829407, 1602829546),
('permit/access/add-role', 2, 'Добавление ролей', NULL, NULL, 1602829427, 1602829427),
('permit/access/delete-permission', 2, 'Удаление правил', NULL, NULL, 1602829581, 1602829581),
('permit/access/delete-role', 2, 'Удаление ролей', NULL, NULL, 1602829599, 1602829599),
('permit/access/permission', 2, 'Управление правами доступа', NULL, NULL, 1602828651, 1602828651),
('permit/access/role', 2, 'Управление правами ролей', NULL, NULL, 1602828685, 1602828685),
('permit/access/update-permission', 2, 'Редактирование правил', NULL, NULL, 1602829512, 1602829512),
('permit/access/update-role', 2, 'Редактирование ролей', NULL, NULL, 1602829488, 1602829488),
('permit/user/update', 2, 'Обновление роли пользователя', NULL, NULL, 1602829995, 1602830019),
('permit/user/view', 2, 'Управление ролями пользователей', NULL, NULL, 1602829940, 1602829940),
('reg-data/create', 2, 'Создание регистрационных данных', NULL, NULL, 1602831565, 1602831565),
('reg-data/delete', 2, 'Удаление записи регистрационных данных', NULL, NULL, 1602831592, 1602831592),
('reg-data/editAU', 2, 'Редактирование адреса установки', NULL, NULL, 1602843433, 1602843433),
('reg-data/editinn', 2, 'Редактирование ИНН', NULL, NULL, 1602841602, 1602841602),
('reg-data/editlicens', 2, 'Редактирование лицензии', NULL, NULL, 1602841696, 1602841696),
('reg-data/editMU', 2, 'Редактирование места установки', NULL, NULL, 1602843455, 1602843455),
('reg-data/editrnm', 2, 'Редактирование РНМ', NULL, NULL, 1602843250, 1602843250),
('reg-data/editstatus', 2, 'Редактирование статуса', NULL, NULL, 1602841723, 1602841723),
('reg-data/index', 2, 'Просмотр таблицы регистрационных данных', NULL, NULL, 1602823066, 1602831480),
('reg-data/update', 2, 'Редактирование регистрационных данных', NULL, NULL, 1602831540, 1602831540),
('reg-data/view', 2, 'Просмотр регистрационных данных', NULL, NULL, 1602831509, 1602831509),
('site/logout', 2, 'Выход из системы', NULL, NULL, 1602769771, 1602769771),
('site/signup', 2, 'Создание нового пользователя', NULL, NULL, 1602828764, 1602828764),
('user', 1, 'Пользователь', NULL, NULL, 1602762408, 1602833050),
('users/delete', 2, 'Удаление пользователя', NULL, NULL, 1602830465, 1602830465),
('users/index', 2, 'Просмотр всех пользователей', NULL, NULL, 1602768503, 1602830393),
('users/update', 2, 'Редактирование пользователя', NULL, NULL, 1602830417, 1602830417),
('users/view', 2, 'Просмотр пользователя', NULL, NULL, 1602830442, 1602830442);

-- --------------------------------------------------------

--
-- Структура таблицы `auth_item_child`
--

CREATE TABLE `auth_item_child` (
  `parent` varchar(64) COLLATE utf8_unicode_ci NOT NULL,
  `child` varchar(64) COLLATE utf8_unicode_ci NOT NULL
) ENGINE=InnoDB DEFAULT CHARSET=utf8 COLLATE=utf8_unicode_ci;

--
-- Дамп данных таблицы `auth_item_child`
--

INSERT INTO `auth_item_child` (`parent`, `child`) VALUES
('admin', 'gridview/export/download'),
('user', 'gridview/export/download'),
('admin', 'market'),
('admin', 'organization/create'),
('admin', 'organization/delete'),
('admin', 'organization/index'),
('user', 'organization/index'),
('admin', 'organization/update'),
('admin', 'organization/view'),
('user', 'organization/view'),
('admin', 'permit/access/add-permission'),
('admin', 'permit/access/add-role'),
('admin', 'permit/access/delete-permission'),
('admin', 'permit/access/delete-role'),
('admin', 'permit/access/permission'),
('admin', 'permit/access/role'),
('admin', 'permit/access/update-permission'),
('admin', 'permit/access/update-role'),
('admin', 'permit/user/update'),
('admin', 'permit/user/view'),
('admin', 'reg-data/create'),
('admin', 'reg-data/delete'),
('admin', 'reg-data/editAU'),
('admin', 'reg-data/editinn'),
('admin', 'reg-data/editlicens'),
('admin', 'reg-data/editMU'),
('admin', 'reg-data/editrnm'),
('admin', 'reg-data/editstatus'),
('admin', 'reg-data/index'),
('user', 'reg-data/index'),
('admin', 'reg-data/update'),
('admin', 'reg-data/view'),
('user', 'reg-data/view'),
('admin', 'site/logout'),
('user', 'site/logout'),
('admin', 'site/signup'),
('admin', 'users/delete'),
('admin', 'users/index'),
('admin', 'users/update'),
('admin', 'users/view');

-- --------------------------------------------------------

--
-- Структура таблицы `auth_rule`
--

CREATE TABLE `auth_rule` (
  `name` varchar(64) COLLATE utf8_unicode_ci NOT NULL,
  `data` blob,
  `created_at` int DEFAULT NULL,
  `updated_at` int DEFAULT NULL
) ENGINE=InnoDB DEFAULT CHARSET=utf8 COLLATE=utf8_unicode_ci;

-- --------------------------------------------------------

--
-- Структура таблицы `migration`
--

CREATE TABLE `migration` (
  `version` varchar(180) NOT NULL,
  `apply_time` int DEFAULT NULL
) ENGINE=InnoDB DEFAULT CHARSET=utf8mb4 COLLATE=utf8mb4_0900_ai_ci;

--
-- Дамп данных таблицы `migration`
--

INSERT INTO `migration` (`version`, `apply_time`) VALUES
('m000000_000000_base', 1602738948),
('m140506_102106_rbac_init', 1602757229),
('m170907_052038_rbac_add_index_on_auth_assignment_user_id', 1602757229),
('m180523_151638_rbac_updates_indexes_without_prefix', 1602757230),
('m200409_110543_rbac_update_mssql_trigger', 1602757230),
('m201015_050832_create_user_table', 1602738954);

-- --------------------------------------------------------

--
-- Структура таблицы `organization`
--

CREATE TABLE `organization` (
  `name` varchar(256) CHARACTER SET utf8mb4 COLLATE utf8mb4_unicode_ci NOT NULL COMMENT 'Наименование организации',
  `inn` varchar(12) CHARACTER SET utf8mb4 COLLATE utf8mb4_unicode_ci NOT NULL COMMENT 'ИНН',
  `adress` varchar(512) CHARACTER SET utf8mb4 COLLATE utf8mb4_unicode_ci NOT NULL COMMENT 'Юридический адрес',
  `director` varchar(512) CHARACTER SET utf8mb4 COLLATE utf8mb4_unicode_ci NOT NULL COMMENT 'Должность и руководитель',
  `ofd` varchar(256) CHARACTER SET utf8mb4 COLLATE utf8mb4_unicode_ci NOT NULL COMMENT 'ОФД'
) ENGINE=InnoDB DEFAULT CHARSET=utf8mb4 COLLATE=utf8mb4_unicode_ci;

--
-- Дамп данных таблицы `organization`
--

INSERT INTO `organization` (`name`, `inn`, `adress`, `director`, `ofd`) VALUES
('ООО \"РЕОН\" ', '5902834187', '614046, г. Пермь, ул. Василия Каменского, дом 4, этаж1, помещение 3', 'Директор Морозова Татьяна Алексеевна  ', 'ООО «ПЕТЕР-СЕРВИС Спецтехнологии»'),
('ООО \"Заботливая аптека\"', '5902862610', '614042, Пермский край, Пермь г, Петропавловская, дом № 77, кв.14', 'Генеральный директор Русакова Ольга Владимировна', 'АО «ЭСК», бренд «Первый ОФД»'),
('ООО \"Спот\"', '5903090325', '614097, г. Пермь, ул. Комиссара Пожарского, дом 10, 1 этаж, помещение 4', 'Генеральный директор Трефилова Алла Александровна', 'АО «ЭСК», бренд «Первый ОФД»'),
('ООО \"Парк\"', '5903090332', '614111, г. Пермь, ул. Муромская, дом 16А, этаж 1, помещение 3', 'Генеральный директор Комкина Марина Александровна', 'АО «ЭСК», бренд «Первый ОФД»'),
('ООО \"Тога\"', '5906086542', '614051, г. Пермь, ул. Юрша, дом 5, этаж 1, отдельный вход   ', 'Генеральный директор Плешкова Лиана Викторовна', 'АО «ЭСК», бренд «Первый ОФД»'),
('ООО \"Лето\"', '5906086888', 'Юридический адрес 614056, г. Пермь, ул. Гашкова, 19', 'Генеральный директор Зиновская Наталья Владимировна', 'ООО «ПЕТЕР-СЕРВИС Спецтехнологии»'),
('ООО \"Марта\"', '5906107055', '614051 г.Пермь, ул.Юрша, 5, 1 этаж, помещение 7', 'Генеральный директор Кислов Алексей Евгеньевич', 'ООО «ПЕТЕР-СЕРВИС Спецтехнологии»'),
('ООО «Меридиан»', '5906126795', 'Москва. Обл., Белоомут, Советская пл., 2б ', 'Генеральный директор Русакова Ольга Владимировна', 'АО «ЭСК», бренд «Первый ОФД»'),
('ООО \"ГРАНТ\"', '5907998608', '614039, Пермский край, Пермь г, Комсомольский пр-т, дом 58, помещение 16', 'Генеральный директор Стряпунин Артем Геннадьевич', 'АО «ЭСК», бренд «Первый ОФД»'),
('ООО \"РЕТ\"', '5916030161', '617060, Пермский край, г. Краснокамск, ул. Карла Либкнехта, д. 17', 'Генеральный директор  Кислицына Лариса Петровна', 'АО «ЭСК», бренд «Первый ОФД»'),
(' ООО \"АДЖЕНТА\"', '7724854659', '115582, г. Москва, Каширское шоссе,108, корпус 1, помещение1   ', 'Генеральный директор Королева Ольга Викторовна ', 'АО «ЭСК», бренд «Первый ОФД»');

-- --------------------------------------------------------

--
-- Структура таблицы `reg_data`
--

CREATE TABLE `reg_data` (
  `id` int NOT NULL,
  `name` varchar(256) CHARACTER SET utf8mb4 COLLATE utf8mb4_unicode_ci NOT NULL COMMENT 'Наименование компании',
  `inn` varchar(12) CHARACTER SET utf8mb4 COLLATE utf8mb4_unicode_ci DEFAULT NULL COMMENT 'ИНН',
  `mesto_ustanovki` varchar(512) CHARACTER SET utf8mb4 COLLATE utf8mb4_unicode_ci DEFAULT NULL COMMENT 'Место установки',
  `adress_ustanovki` varchar(512) CHARACTER SET utf8mb4 COLLATE utf8mb4_unicode_ci DEFAULT NULL COMMENT 'Адрес установки',
  `kkt` varchar(256) CHARACTER SET utf8mb4 COLLATE utf8mb4_unicode_ci NOT NULL COMMENT 'Марка/модель ККТ',
  `zn_kkt` varchar(32) CHARACTER SET utf8mb4 COLLATE utf8mb4_unicode_ci NOT NULL COMMENT 'Заводской номер ККТ',
  `fn` varchar(512) CHARACTER SET utf8mb4 COLLATE utf8mb4_unicode_ci NOT NULL COMMENT 'Наименование ФН',
  `zn_fn` varchar(32) CHARACTER SET utf8mb4 COLLATE utf8mb4_unicode_ci NOT NULL COMMENT 'Заводской номер ФН',
  `rnm` varchar(16) CHARACTER SET utf8mb4 COLLATE utf8mb4_unicode_ci DEFAULT NULL COMMENT 'Регистрационный номер машины',
  `licens` varchar(64) CHARACTER SET utf8mb4 COLLATE utf8mb4_unicode_ci DEFAULT NULL COMMENT 'Лицензия',
  `proshivka` date NOT NULL COMMENT 'Прошивка',
  `vid_raboti` varchar(128) CHARACTER SET utf8mb4 COLLATE utf8mb4_unicode_ci NOT NULL COMMENT 'Вид работы',
  `date_reg` date NOT NULL COMMENT 'Дата регистрации',
  `status` varchar(32) CHARACTER SET utf8mb4 COLLATE utf8mb4_unicode_ci NOT NULL DEFAULT 'В работе' COMMENT 'Статус'
) ENGINE=InnoDB DEFAULT CHARSET=utf8mb4 COLLATE=utf8mb4_unicode_ci;

--
-- Дамп данных таблицы `reg_data`
--

INSERT INTO `reg_data` (`id`, `name`, `inn`, `mesto_ustanovki`, `adress_ustanovki`, `kkt`, `zn_kkt`, `fn`, `zn_fn`, `rnm`, `licens`, `proshivka`, `vid_raboti`, `date_reg`, `status`) VALUES
(1, 'ООО “Спот”', '5903090325', '', '394030, Воронежская область, Воронеж г, Кольцовская ул, 52', 'РР-03Ф', '0356300014007811', 'Шифровальное (криптографическое) средство защиты фискальных данных фискальный накопитель «ФН-1.1» исполнение Из15-2', '9285440300292371', '0004729596002012', 'БНДС,П20', '2020-05-07', 'Первичная регистрация', '2020-09-07', 'Выполнено'),
(2, 'ООО “Спот”', '5903090325', 'Аптека', '394030, Воронежская область, Воронеж г, Кольцовская ул, 52', 'РР-03Ф', '0321990014007812', 'Шифровальное (криптографическое) средство защиты фискальных данных фискальный накопитель «ФН-1.1» исполнение Из15-2', '9285440300292267', '0004729613030761', 'БНДС,П20', '2020-05-07', 'Первичная регистрация', '2020-09-07', 'Выполнено'),
(3, 'ООО “Марта”', '5906107055', 'Аптечный пункт', '168100, Республика Коми, Сысольский м.р-н, Визинга с, Советская ул, 29', 'РР-03Ф', '0404240014007819', 'Шифровальное (криптографическое) средство защиты фискальных данных фискальный накопитель «ФН-1.1» исполнение Из15-2', '9285440300276334', '0004729668057635', 'БНДС,П20', '2020-05-07', 'Первичная регистрация', '2020-09-07', 'Выполнено'),
(4, 'ООО “Марта”', '5906107055', 'Аптечный пункт', '168100, Республика Коми, Сысольский м.р-н, Визинга с, Советская ул, 29', 'РР-03Ф', '0139480014007818', 'Шифровальное (криптографическое) средство защиты фискальных данных фискальный накопитель «ФН-1.1» исполнение Из15-2', '9285440300276526', '0004729727029308', 'БНДС,П20', '2020-05-07', 'Первичная регистрация', '2020-09-07', 'Выполнено'),
(5, 'ООО “Заботливая аптека”', '5902862610', 'Аптека', '167000, Республика Коми, Сыктывкар г, Первомайская ул, 90/3', 'РР-03Ф', '0224470014007546', 'Шифровальное (криптографическое) средство защиты фискальных данных фискальный накопитель «ФН-1.1» исполнение Из15-2', '9285440300276579', '0004729819011200', 'БНДС,П20', '2020-05-07', 'Первичная регистрация', '2020-09-07', 'Выполнено'),
(6, 'ООО “Заботливая аптека”', '5902862610', 'Аптека', '167000, Республика Коми, Сыктывкар г, Первомайская ул, 90/3', 'РР-03Ф', '0612460014007820', 'Шифровальное (криптографическое) средство защиты фискальных данных фискальный накопитель «ФН-1.1» исполнение Из15-2', '9285440300275518', '0004729887060804', 'БНДС,П20', '2020-05-07', 'Первичная регистрация', '2020-09-07', 'Выполнено'),
(7, 'ООО “РЕТ”', '5916030161', 'Аптека', '353900, Краснодарский край, Новороссийск г, Советов ул, 11/1', 'РР-03Ф', '0195260014007547', 'Шифровальное (криптографическое) средство защиты фискальных данных фискальный накопитель «ФН-1.1» исполнение Из15-2', '9285440300271533', '0004729916028691', 'БНДС,П20', '2020-05-07', 'Первичная регистрация', '2020-09-07', 'Выполнено'),
(8, 'ООО “РЕТ”', '5916030161', 'Аптека', '353900, Краснодарский край, Новороссийск г, Советов ул, 11/1', 'РР-03Ф', '0312250014007549', 'Шифровальное (криптографическое) средство защиты фискальных данных фискальный накопитель «ФН-1.1» исполнение Из15-2', '9285440300270984', '0004729973026574', 'БНДС,П20', '2020-05-07', 'Первичная регистрация', '2020-09-07', 'Выполнено'),
(9, 'ООО “РЕТ”', '5916030161', 'Аптека', '353900, Краснодарский край, Новороссийск г, Советов ул, 11/1', 'РР-03Ф', '0445880014007548', 'Шифровальное (криптографическое) средство защиты фискальных данных фискальный накопитель «ФН-1.1» исполнение Из15-2', '9285440300270842', '0004729954052330', 'БНДС,П20', '2020-05-07', 'Первичная регистрация', '2020-09-07', 'Выполнено'),
(10, 'ООО “ГРАНТ”', '5907998608', 'Аптека', '619170, Пермский край, Юсьва с, Красноармейская ул, 24а', 'РР-03Ф', '0581910014000778', 'Шифровальное (криптографическое) средство защиты фискальных данных фискальный накопитель «ФН-1.1» исполнение Из15-2', '9285440300292454', '0004740367012431', 'БНДС,П20', '2020-05-07', 'Первичная регистрация', '2020-09-11', 'Выполнено'),
(11, 'ООО “ГРАНТ”', '5907998608', 'Аптека', '619170, Пермский край, Юсьва с, Красноармейская ул, 24а', 'РР-03Ф', '0249700014000647', 'Шифровальное (криптографическое) средство защиты фискальных данных фискальный накопитель «ФН-1.1» исполнение Из15-2', '9285440300292061', '0004740392053509', 'БНДС,П20', '2020-05-07', 'Первичная регистрация', '2020-09-11', 'Выполнено'),
(12, 'ООО “Парк”', '5903090332', 'Аптека', '617470, Пермский край, Кунгур г, Гоголя ул, 22', 'РР-03Ф', '0565380014000973', 'Шифровальное (криптографическое) средство защиты фискальных данных фискальный накопитель «ФН-1.1» исполнение Из15-2', '9285440300291889', '0004740427011269', 'БНДС,П20', '2020-05-07', 'Первичная регистрация', '2020-09-11', 'Выполнено'),
(13, 'ООО “Парк”', '5903090332', 'Аптека', '617470, Пермский край, Кунгур г, Гоголя ул, 22', 'РР-03Ф', '0097530014000648', 'Шифровальное (криптографическое) средство защиты фискальных данных фискальный накопитель «ФН-1.1» исполнение Из15-2', '9285440300292192', '0004740446058562', 'БНДС,П20', '2020-05-07', 'Первичная регистрация', '2020-09-11', 'Выполнено'),
(14, 'ООО “Парк”', '5903090332', 'Аптека', '617470, Пермский край, Кунгур г, Гоголя ул, 22', 'РР-03Ф', '0097570014000985', 'Шифровальное (криптографическое) средство защиты фискальных данных фискальный накопитель «ФН-1.1» исполнение Из15-2', '9285440300292185', '0004740471010317', 'БНДС,П20', '2020-05-07', 'Первичная регистрация', '2020-09-11', 'Выполнено'),
(15, 'ООО «Аджента»', '7724854659', 'Аптека', '111674, Г.Москва, Маршала Ерёменко ул, д. 5, 3 к.', 'РР-03Ф', '0157800014000965', 'Шифровальное (криптографическое) средство защиты фискальных данных фискальный накопитель «ФН-1.1» исполнение Из15-2', '9285440300291788', '0004741422061662', 'БНДС,П20', '2020-05-07', 'Первичная регистрация', '2020-09-11', 'Выполнено'),
(16, 'ООО «Аджента»', '7724854659', 'Аптека', '111674, Г.Москва, Маршала Ерёменко ул, д. 5, 3 к.', 'РР-03Ф', '0125610014000966', 'Шифровальное (криптографическое) средство защиты фискальных данных фискальный накопитель «ФН-1.1» исполнение Из15-2', '9285440300292180', '0004741439050854', 'БНДС,П20', '2020-05-07', 'Первичная регистрация', '2020-09-11', 'Выполнено'),
(17, 'ООО «Меридиан»', '5906126795', 'Аптека', '140520, Московская область, Белоомут р, Советская площадь ул, 2 стр. Б', 'РР-03Ф', '0004000014000968', 'Шифровальное (криптографическое) средство защиты фискальных данных фискальный накопитель «ФН-1.1» исполнение Из15-2', '9285440300292547', '0004741843009409', 'БНДС,П20', '2020-05-07', 'Первичная регистрация', '2020-09-11', 'Выполнено'),
(18, 'ООО «Меридиан»', '5906126795', 'Аптека', '140520, Московская область, Белоомут р, Советская площадь ул, 2 стр. Б', 'РР-03Ф', '0424770014000964', 'Шифровальное (криптографическое) средство защиты фискальных данных фискальный накопитель «ФН-1.1» исполнение Из15-2', '9285440300292482', '0004741874036082', 'БНДС,П20', '2020-05-07', 'Первичная регистрация', '2020-09-11', 'Выполнено'),
(19, 'ООО «Тога»', '5906086542', 'Аптека', '170007, Тверская область, Тверь г, Третьяковский пер, д. 20', 'РР-03Ф', '0590110014000869', 'Шифровальное (криптографическое) средство защиты фискальных данных фискальный накопитель «ФН-1.1» исполнение Из15-2', '9285440300298898', '0004794094047967', 'БНДС,П20', '2020-05-07', 'Первичная регистрация', '2020-10-06', 'Выполнено'),
(20, 'ООО «Тога»', '5906086542', 'Аптека', '170007, Тверская область, Тверь г, Третьяковский пер, д. 20', 'РР-03Ф', '0350400014000863', 'Шифровальное (криптографическое) средство защиты фискальных данных фискальный накопитель «ФН-1.1» исполнение Из15-2', '9285440300299069', '0004794106023933', 'БНДС,П20', '2020-05-07', 'Первичная регистрация', '2020-10-06', 'Выполнено'),
(24, 'ООО \"РЕОН\"', '5902834187', 'Аптека', '617240, Пермский край, Сивинский м.р-н, Сива с, Комсомольская ул, 6', 'РР-03Ф', '0115940014000867', 'Шифровальное (криптографическое) средство защиты фискальных данных фискальный накопитель «ФН-1.1» исполнение Из15-2', '9285440300296812', '0004794146064892', 'БНДС,П20', '2020-05-07', 'Первичная регистрация', '2020-10-06', 'Выполнено'),
(25, 'ООО «РЕОН»', '5902834187', 'Аптека', '617240, Пермский край, Сивинский м.р-н, Сива с, Комсомольская ул, 6', 'РР-03Ф', '0254660014000868', 'Шифровальное (криптографическое) средство защиты фискальных данных фискальный накопитель «ФН-1.1» исполнение Из15-2', '9285440300296834', '0004794165018958', 'БНДС,П20', '2020-05-07', 'Первичная регистрация', '2020-10-06', 'Выполнено'),
(26, 'ООО \"Лето\"', '5906086888', 'Аптека', '143421, Московская область, Жуковка д, Рублево-Успенское ш, 74 д., 1 стр.', 'РР-03Ф', '0323060014001066', 'Шифровальное (криптографическое) средство защиты фискальных данных фискальный накопитель «ФН-1.1» исполнение Из15-2', '9285440300309515', '0004819266064423', 'БНДС,П20', '2020-05-07', 'Первичная регистрация', '2020-10-16', 'Выполнено'),
(28, 'ООО \"Лето\"', '5906086888', 'Аптека', '143421, Московская область, Жуковка д, Рублево-Успенское ш, 74 д., 1 стр.', 'РР-03Ф', '0599580014000999', 'Шифровальное (криптографическое) средство защиты фискальных данных фискальный накопитель «ФН-1.1» исполнение Из15-2', '9285440300296709', '0004819291019188', 'БНДС,П20', '2020-05-07', 'Первичная регистрация', '2020-10-16', 'Выполнено'),
(29, 'ООО \"Лето\"', '5906086888', 'Аптека', '143421, Московская область, Жуковка д, Рублево-Успенское ш, 74 д., 1 стр.', 'РР-03Ф', '0127750014001065', 'Шифровальное (криптографическое) средство защиты фискальных данных фискальный накопитель «ФН-1.1» исполнение Из15-2', '9285440300309559', '0004819314031541', 'БНДС,П20', '2020-05-07', 'Первичная регистрация', '2020-10-16', 'Выполнено'),
(30, 'ООО \"Аджента\"', '7724854659', 'Аптека', '127006, Г.Москва, Садовая-Триумфальная ул, д. 22/31', 'РР-03Ф', '0006830014000856', 'Шифровальное (криптографическое) средство защиты фискальных данных фискальный накопитель «ФН-1.1» исполнение Из15-2', '9285440300309539', '0004819412034720', 'БНДС,П20', '2020-05-07', 'Первичная регистрация', '2020-10-16', 'Выполнено'),
(31, 'ООО \"Аджента\"', '7724854659', 'Аптека', '127006, Г.Москва, Садовая-Триумфальная ул, д. 22/31', 'РР-03Ф', '0319750014000688', 'Шифровальное (криптографическое) средство защиты фискальных данных фискальный накопитель «ФН-1.1» исполнение Из15-2', '9285440300309527', '0004819435002350', 'БНДС,П20', '2020-05-07', 'Первичная регистрация', '2020-10-16', 'Выполнено');

-- --------------------------------------------------------

--
-- Структура таблицы `user`
--

CREATE TABLE `user` (
  `id` int NOT NULL,
  `username` varchar(255) COLLATE utf8_unicode_ci NOT NULL,
  `auth_key` varchar(32) COLLATE utf8_unicode_ci NOT NULL,
  `password_hash` varchar(255) COLLATE utf8_unicode_ci NOT NULL,
  `password_reset_token` varchar(255) COLLATE utf8_unicode_ci DEFAULT NULL,
  `email` varchar(255) COLLATE utf8_unicode_ci NOT NULL,
  `status` smallint NOT NULL DEFAULT '10',
  `created_at` int NOT NULL,
  `updated_at` int NOT NULL
) ENGINE=InnoDB DEFAULT CHARSET=utf8 COLLATE=utf8_unicode_ci;

--
-- Дамп данных таблицы `user`
--

INSERT INTO `user` (`id`, `username`, `auth_key`, `password_hash`, `password_reset_token`, `email`, `status`, `created_at`, `updated_at`) VALUES
(1, 'admin', '9jN6RHDtIN0ljTsgcFP9KxejoJTB_5gP', '$2y$13$wTDcx/hJDnlExrEthstTSeAm3CQrOGRSpz8nptpUwjysNsEBl5IpO', NULL, 'gordin@mkod.ru', 10, 1602739363, 1602830521),
(6, 'user', '_PYFSPjKXkPGyj9QskUnc-VexOlCSsP1', '$2y$13$qiDn8ZtQnrE331PRsBGUCONp0ytkx6AXXlVu1Kxqp4nROE/hD3CnS', NULL, 'user@user.ru', 10, 1602854342, 1602854342);

--
-- Индексы сохранённых таблиц
--

--
-- Индексы таблицы `auth_assignment`
--
ALTER TABLE `auth_assignment`
  ADD PRIMARY KEY (`item_name`,`user_id`),
  ADD KEY `idx-auth_assignment-user_id` (`user_id`);

--
-- Индексы таблицы `auth_item`
--
ALTER TABLE `auth_item`
  ADD PRIMARY KEY (`name`),
  ADD KEY `rule_name` (`rule_name`),
  ADD KEY `idx-auth_item-type` (`type`);

--
-- Индексы таблицы `auth_item_child`
--
ALTER TABLE `auth_item_child`
  ADD PRIMARY KEY (`parent`,`child`),
  ADD KEY `child` (`child`);

--
-- Индексы таблицы `auth_rule`
--
ALTER TABLE `auth_rule`
  ADD PRIMARY KEY (`name`);

--
-- Индексы таблицы `migration`
--
ALTER TABLE `migration`
  ADD PRIMARY KEY (`version`);

--
-- Индексы таблицы `organization`
--
ALTER TABLE `organization`
  ADD PRIMARY KEY (`inn`);

--
-- Индексы таблицы `reg_data`
--
ALTER TABLE `reg_data`
  ADD PRIMARY KEY (`id`);

--
-- Индексы таблицы `user`
--
ALTER TABLE `user`
  ADD PRIMARY KEY (`id`),
  ADD UNIQUE KEY `username` (`username`),
  ADD UNIQUE KEY `email` (`email`),
  ADD UNIQUE KEY `password_reset_token` (`password_reset_token`);

--
-- AUTO_INCREMENT для сохранённых таблиц
--

--
-- AUTO_INCREMENT для таблицы `reg_data`
--
ALTER TABLE `reg_data`
  MODIFY `id` int NOT NULL AUTO_INCREMENT, AUTO_INCREMENT=32;

--
-- AUTO_INCREMENT для таблицы `user`
--
ALTER TABLE `user`
  MODIFY `id` int NOT NULL AUTO_INCREMENT, AUTO_INCREMENT=7;

--
-- Ограничения внешнего ключа сохраненных таблиц
--

--
-- Ограничения внешнего ключа таблицы `auth_assignment`
--
ALTER TABLE `auth_assignment`
  ADD CONSTRAINT `auth_assignment_ibfk_1` FOREIGN KEY (`item_name`) REFERENCES `auth_item` (`name`) ON DELETE CASCADE ON UPDATE CASCADE;

--
-- Ограничения внешнего ключа таблицы `auth_item`
--
ALTER TABLE `auth_item`
  ADD CONSTRAINT `auth_item_ibfk_1` FOREIGN KEY (`rule_name`) REFERENCES `auth_rule` (`name`) ON DELETE SET NULL ON UPDATE CASCADE;

--
-- Ограничения внешнего ключа таблицы `auth_item_child`
--
ALTER TABLE `auth_item_child`
  ADD CONSTRAINT `auth_item_child_ibfk_1` FOREIGN KEY (`parent`) REFERENCES `auth_item` (`name`) ON DELETE CASCADE ON UPDATE CASCADE,
  ADD CONSTRAINT `auth_item_child_ibfk_2` FOREIGN KEY (`child`) REFERENCES `auth_item` (`name`) ON DELETE CASCADE ON UPDATE CASCADE;
COMMIT;

/*!40101 SET CHARACTER_SET_CLIENT=@OLD_CHARACTER_SET_CLIENT */;
/*!40101 SET CHARACTER_SET_RESULTS=@OLD_CHARACTER_SET_RESULTS */;
/*!40101 SET COLLATION_CONNECTION=@OLD_COLLATION_CONNECTION */;
